2179035R03993,,TL-MR3420
2179035R03996,,TL-MR3420
2179035R03992,,TL-MR3420
2179035R03777,,TL-MR3420
UBNTE796E3FF,44:D9:E7:96:E3:FF,UF-NANO
UBNTDAEB6275,FC:EC:DA:EB:62:75,UF-LOCO
16080602868,,UVC-G3-LED
16080602837,,UVC-G3-LED
16080601887,,UVC-G3-LED
16080601172,,UVC-G3-LED
17071201226,,RPS-AC-100W
F175C024348,,FS11555
F175C024349,,FS11555
F175C024350,,FS11555
G1807276277,,FS11775
G1807276275,,FS11775
G1807276274,,FS11775
G1807276359,,FS11775
G1807276360,,FS11775
G1804194934,,FS39135
G1804194932,,FS39135
D87B2255464,,FS39135
D87B2255463,,FS39135
F181C001886,,FS39138
F181C001870,,FS39138
F181C001890,,FS39138
F181C001911,,FS39138
F181C001912,,FS39138
F181C001913,,FS39138
F181C001914,,FS39138
F181C001915,,FS39138
F181C001916,,FS39138
F181C001917,,FS39138
F181C001918,,FS39138
F181C001919,,FS39138
F181C001920,,FS39138
G1807305703,,FS48928
G1807305702,,FS48928
G1807305614,,FS48928
G1807305594,,FS48928
H17081801549,,UF-GP-B+
H17124001967,,UF-GP-C+
H17124001968,,UF-GP-C+
H17124001969,,UF-GP-C+
H17124001964,,UF-GP-C+
H17124001963,,UF-GP-C+
H17124001962,,UF-GP-C+
H17124001961,,UF-GP-C+
F9IBGJ000585,14:DD:A9:9A:DE:C0,RT-AC56R
F9IBGJ000587,14:DD:A9:9A:EF:10,RT-AC56R
F9IBGJ000646,30:5A:3A:9F:E6:30,RT-AC56R
F9IBGJ000649,30:5A:3A:9F:F2:F0,RT-AC56R
RA9AU31005087,,TU3-ETG
B02170066,50:C2:D4:06:4D,TM1000A
VA177S024943,,AOC-STG-I4S-P
VA177S025100,,AOC-STG-I4S-P
VA177S024923,,AOC-STG-I4S-P
2195A34010489,,TL-WR940N
18044124798,,ETH-SP-G2
18044124857,,ETH-SP-G2
G1908107272,,FS11775
G1908107271,,FS11775
G1908107268,,FS11775
G1908107266,,FS11775
F9IBGJ000644,30:5A:3A:9F:D4:10,RT-AC56R
UBNTDAEB44AC,FC:EC:DA:EB:44:AC,UF-LOCO
UBNTDAEB49C0,FC:EC:DA:EB:49:C0,UF-LOCO
PR5B01720,,PrismAP-5-60
2198711001507,,TL-WR940N
2199575002822,,TL-WR940N
UBNTDAEBAC58,FC:EC:DA:EB:AC:58,UF-LOCO
UBNTDAEBAE56,FC:EC:DA:EB:AE:56,UF-LOCO
UBNTDAEB7C10,FC:EC:DA:EB:7C:10,UF-LOCO
UBNTDAEBAAFA,FC:EC:DA:EB:AA:FA,UF-LOCO
X69X9400207,,LW-PX400
X69X9400103,,LW-PX400
23162016111081,,POE-SPLIT
23162016111148,,POE-SPLIT
23162016111163,,POE-SPLIT
23162016111166,,POE-SPLIT
23162016111145,,POE-SPLIT
23162016111150,,POE-SPLIT
23162016111140,,POE-SPLIT
23162016111151,,POE-SPLIT
23162016110714,,POE-SPLIT
23162016111149,,POE-SPLIT
22051V3001278,,TL-WR940N
S2005099423,,FS11774
S2005099426,,FS11774
S2005099438,,FS11774
G1912253344,,FS39138
G1912253345,,FS39138
G1912253346,,FS39138
G1912253348,,FS39138
G1912253349,,FS39138
G1912253350,,FS39138
G1912253351,,FS39138
G1912253352,,FS39138
G1912253353,,FS39138
F1940090111,,FS11795
F1940090112,,FS11795
F1940090113,,FS11795
F1940090114,,FS11795
F1940090116,,FS11795
F1940090117,,FS11795
F1940090118,,FS11795
F1940090119,,FS11795
F1940090120,,FS11795
F1940090115,,FS11795
F1940336926,,FS34976
B1909000228,,FS75866
PR5A00639,,PrismAP-5-30
ZTEGCA9860AD,D4:9E:05:DB:29:69,ZXHN F660
ZTEGCA98E7E3,D4:9E:05:0D:3C:6F,ZXHN F660
ZTEGCA98EFED,D4:9E:05:EA:4F:8B,ZXHN F660
ZTEGCA98EAEA,D4:9E:05:30:D0:CD,ZXHN F660
ZTEGCA98D29B,D4:9E:05:0E:FF:F2,ZXHN F660
ZTEGCA98924A,D4:9E:05:D0:66:4B,ZXHN F660
ZTEGCA98CB9E,D4:9E:05:F9:03:87,ZXHN F660
CIOT00866979,1C:25:E1:86:69:79,TT919G
CIOT008646B9,1C:25:E1:86:46:B9,TT919G
202008220040,,OM450-125
202008220016,,OM450-125
202008220010,,OM450-125
202008220007,,OM450-125
202008220004,,LCLC-FC
202008220001,,LCLC-FC
202008220035,,LCLC-FC
202008220010,,LCLC-FC
202008220011,,LCLC-FC
202008220008,,LCLC-FC
202008220024,,LCLC-FC
202008220027,,LCLC-FC
202008220034,,LCLC-FC
202008220006,,LCLC-FC
202008220033,,LCLC-FC
202008220005,,LCLC-FC
202008220023,,LCLC-FC
202008220040,,LCLC-FC
202008220032,,LCLC-FC
202008220020,,LCLC-FC
202008220009,,LCLC-FC
202008220016,,LCLC-FC
202008220022,,LCLC-FC
202008220007,,LCLC-FC
202008220025,,LCLC-FC
202008220003,,LCLC-FC
202008220028,,LCLC-FC
202008220014,,LCLC-FC
202008220037,,LCLC-FC
202008220038,,LCLC-FC
202008220018,,LCLC-FC
202008220030,,LCLC-FC
202008220012,,LCLC-FC
202008220021,,LCLC-FC
202008220039,,LCLC-FC
202008220029,,LCLC-FC
202008220026,,LCLC-FC
202008220013,,LCLC-FC
202008220036,,LCLC-FC
202008220017,,LCLC-FC
202008220002,,LCLC-FC
20EZ1TFJB0F25EC2,,GXP1610/15
CIOT0086BCBF,1C:25:E1:86:BC:BF,TT919G
2102232DPY6TL3902058,,MA5800-X7
52005099435,,FS11774
ubnte796dfef,44:D9:E7:96:DF:EF,UF-NANO
ubnt20730c80,78:8A:20:73:0C:80,UF-NANO
HWTC3E6E9097,44:6A:2E:3E:6E:90,HG8546MGM1
HWTC880A3B9A,14:30:04:8D:D8:08,HG8546MGM1
HWTC04D5EA92,38:BC:01:04:D5:EA,HG8546MGM1
HWTC88063E9A,14:30:04:8D:A4:2F,HG8546MGM1
UBNTDAEBAF00,FC:EC:DA:EB:AF:00,UF-LOCO
UNBTE796D6B7,44:D9:E7:96:D6:B7,UF-NANO
UBNTDAEB618A,FC:EC:DA:EB:61:8A,UF-LOCO
HWTCF1B6B79A,28:B4:48:95:B5:BF,HG8546MGM1
HWTCFBD79F9B,78:58:60:E2:5F:D9,HG8546MGM1
2102352QDDN0L4000243,,MA5800-X7
2102352QDDN0L4000053,,MA5800-X7
2102352QDDN0L4000146,,MA5800-X7
G2006468773,,FS40432
G2006468775,,FS40432
CMDC001176E6,44:C8:74:4D:86:E9,TT919G
HWTC8828309A,14:30:04:8F:44:B5,HG8546MGM1
HWTCF114E79A,28:B4:48:2F:26:F2,HG8546MGM1
HWTCF1A8719A,28:B4:48:89:D9:9B,HG8546MGM1
210122501,,OPM
HWTCF1B4399A,28:B4:48:A4:B5:52,HG8546MGM1
CMDC001192B0,44:C8:74:82:CB:71,TT919G
CMDC001118E7,44:C8:74:C4:8B:B5,TT919G
CMDC0011B80F,44:C8:74:C6:1C:50,TT919G
UNT207321C5,,N-SW
CMDC001141D5,44:C8:74:65:82:F1,TT919G
CMDC001136A3,44:C8:74:9E:34:71,TT919G
4225995,,813m-3
4225894,,813m-3
CMDC0011DCF2,44:C8:74:6D:8A:FA,TT919G
CMDC0011E970,44:C8:74:63:BA:A6,TT919G
2102232DPYN0L9000764,,MA5800-X7
2102232DPYN0L9000768,,MA5800-X7
2102232DPYN0L9000783,,MA5800-X7
CMDC00113319,44:C8:74:9F:BA:5C,TT919G
2,,Steca Solsum 2525
2150083267HYJ6504353,A4:BE:2B:D7:AA:EA,HG8546MGM1
2150083448AGHA004415,28:B4:48:BF:A5:35,HG8546MGM1
SONC24270001,,NCS2K-TNCS-2-K9=
SONC24430007,,NCS2K-TNCS-2-K9=
SSAL2509002A,,NCS2006-DR
SSAL25090027,,NCS2006-DR
SSAL2509003L,,NCS2006-DR
SSAL2505002L,,NCS2006-DR
SSAL25050020,,NCS2006-DR
SSAL2505003B,,NCS2006-DR
SSAL25090029,,NCS2006-DR
SSAL2505001Z,,NCS2006-DR
SSAL2505002X,,NCS2006-DR
SSAL25050037,,NCS2006-DR
SSAL2505002J,,NCS2006-DR
SSAL25090032,,NCS2006-DR
SSAL2509002G,,NCS2006-DR
SSAL2509002M,,NCS2006-DR
SSAL2509002D,,NCS2006-DR
SSAL25090033,,NCS2006-DR
SSAL25050038,,NCS2006-DR
SSAL2509002Z,,NCS2006-DR
SSAL2509002P,,NCS2006-DR
SSAL2505003C,,NCS2006-DR
SSAL25050030,,NCS2006-DR
SSAL2509003Q,,NCS2006-DR
SSAL2509002H,,NCS2006-DR
SSAL2509003A,,NCS2006-DR
SSAL2505002A,,NCS2006-DR
SSAL25050031,,NCS2006-DR
SSAL2505002G,,NCS2006-DR
SSAL2505002Q,,NCS2006-DR
SSAL25090036,,NCS2006-DR
SSAL2509002L,,NCS2006-DR
SSAL2509002W,,NCS2006-DR
SSAL2505002T,,NCS2006-DR
SSAL2505002W,,NCS2006-DR
SSAL2505001Y,,NCS2006-DR
SSAL25090035,,NCS2006-DR
SSAL2505003E,,NCS2006-DR
SSAL25090039,,NCS2006-DR
SSAL2505002E,,NCS2006-DR
SSAL2505003D,,NCS2006-DR
SSAL2509003D,,NCS2006-DR
SSAL2505002S,,NCS2006-DR
SSAL2505002V,,NCS2006-DR
SSAL2509002J,,NCS2006-DR
SSAL2505002B,,NCS2006-DR
SSAL25090025,,NCS2006-DR
SSAL25090028,,NCS2006-DR
SSAL25090038,,NCS2006-DR
SSAL2509003J,,NCS2006-DR
SSAL2505002M,,NCS2006-DR
SSAL25090026,,NCS2006-DR
SSAL25050039,,NCS2006-DR
SSAL2505002Y,,NCS2006-DR
SSAL2505003A,,NCS2006-DR
SSAL2505002F,,NCS2006-DR
SSAL2505002N,,NCS2006-DR
SSAL2505002D,,NCS2006-DR
SSAL25050028,,NCS2006-DR
SSAL2509002S,,NCS2006-DR
SSAL2509003C,,NCS2006-DR
SSAL25050025,,NCS2006-DR
SSAL2509002B,,NCS2006-DR
SSAL2509002C,,NCS2006-DR
SSAL25090030,,NCS2006-DR
SSAL2509002Q,,NCS2006-DR
SSAL2509003E,,NCS2006-DR
SSAL25050035,,NCS2006-DR
SSAL2509002U,,NCS2006-DR
SSAL2509003F,,NCS2006-DR
SSAL2509003K,,NCS2006-DR
SSAL2509002N,,NCS2006-DR
SSAL25090031,,NCS2006-DR
SSAL2509002F,,NCS2006-DR
SSAL2509003S,,NCS2006-DR
SSAL25090034,,NCS2006-DR
SSAL2505002K,,NCS2006-DR
SSAL2509002K,,NCS2006-DR
SSAL25050034,,NCS2006-DR
SSAL25050036,,NCS2006-DR
SSAL2509003G,,NCS2006-DR
SSAL2509002E,,NCS2006-DR
SSAL2509002R,,NCS2006-DR
SSAL2505002H,,NCS2006-DR
SFOC2502R1AV,,NCS-5501
SFOC2502R1EM,,NCS-5501
SFOC2502R1B2,,NCS-5501
SFOC2502R1E1,,NCS-5501
SFOC2502R1BV,,NCS-5501
SFOC2502R1E9,,NCS-5501
SFOC2502R1EE,,NCS-5501
SSAL2443011M,,NCS2006-DC40
SSAL2443014S,,NCS2006-DC40
SSAL2442007S,,NCS2006-DC40
SSAL24420062,,NCS2006-DC40
SSAL2442008Z,,NCS2006-DC40
SSAL2442007J,,NCS2006-DC40
SIFB24300005,,15454-OPT-EDFA-17=
SIFB243000C,,15454-OPT-EDFA-17=
SIFB24440023,,15454-OPT-EDFA-17=
SIB2425000W,,15454-OPT-EDFA-17=
SSAL244601HK,,NCS2006-SA
13ST3B1VQ0399,,NCS2006-SA
SSAL244601HB,,NCS2006-SA
SSAL244601H5,,NCS2006-SA
SSAL244601HE,,NCS2006-SA
SSAL244300WL,,NCS2006-FTA
SSAL244300WU,,NCS2006-FTA
SSAL244300WG,,NCS2006-FTA
SSAL24450075,,NCS2006-LCD
SSAL2443002J,,NCS2006-LCD
SSAL2443001X,,NCS2006-LCD
SSAL243800FT,,NCS2006-ECU-S
SSAL243900QB,,NCS2006-ECU-S
SSAL243800FZ,,NCS2006-ECU-S
SNDG25040004,,15216-MD-48-ODDE
SNDG25030034,,15216-MD-48-ODDE
SIFB2445000X,,15454-OPT-EDFA-24
SIFB24320002,,15454-OPT-EDFA-24
SIFB24470019,,15454-OPT-EDFA-24
SFBN2445A931,,QSFP-100G-FR-S=
SFBN2446A023,,QSFP-100G-FR-S=
SFBN2446A026,,QSFP-100G-FR-S=
SFBN2446A032,,QSFP-100G-FR-S=
SFBN2446A033,,QSFP-100G-FR-S=
SFBN2446A034,,QSFP-100G-FR-S=
SFBN2446A044,,QSFP-100G-FR-S=
SFBN2446A046,,QSFP-100G-FR-S=
SFBN2446A047,,QSFP-100G-FR-S=
SFBN2446A128,,QSFP-100G-FR-S=
SFBN2446A471,,QSFP-100G-FR-S=
SFBN2446A472,,QSFP-100G-FR-S=
SFBN2446A485,,QSFP-100G-FR-S=
SFBN2446A630,,QSFP-100G-FR-S=
SFBN2446A901,,QSFP-100G-FR-S=
SFBN2446A926,,QSFP-100G-FR-S=
SINL24155432,,QDD-400G-DR4-S=
SINL24155445,,QDD-400G-DR4-S=
SINL24155464,,QDD-400G-DR4-S=
SINL24155548,,QDD-400G-DR4-S=
SINL24164945,,QDD-400G-DR4-S=
SINL24164951,,QDD-400G-DR4-S=
SINL24165040,,QDD-400G-DR4-S=
SINL24165041,,QDD-400G-DR4-S=
SINL24165100,,QDD-400G-DR4-S=
SINL24165107,,QDD-400G-DR4-S=
SINL24165108,,QDD-400G-DR4-S=
SINL24165117,,QDD-400G-DR4-S=
SINL24165165,,QDD-400G-DR4-S=
SINL24165172,,QDD-400G-DR4-S=
SINL24165192,,QDD-400G-DR4-S=
SINL24165241,,QDD-400G-DR4-S=
SINL24165247,,QDD-400G-DR4-S=
SINL24165264,,QDD-400G-DR4-S=
SINL24165266,,QDD-400G-DR4-S=
SINL24165324,,QDD-400G-DR4-S=
SINL24165334,,QDD-400G-DR4-S=
SINL24165380,,QDD-400G-DR4-S=
SINL24165415,,QDD-400G-DR4-S=
SINL24165440,,QDD-400G-DR4-S=
SINL24165443,,QDD-400G-DR4-S=
SINL24165549,,QDD-400G-DR4-S=
SINL24165617,,QDD-400G-DR4-S=
SINL24165639,,QDD-400G-DR4-S=
SINL24165654,,QDD-400G-DR4-S=
SINL24165655,,QDD-400G-DR4-S=
SINL24165664,,QDD-400G-DR4-S=
SINL24165665,,QDD-400G-DR4-S=
SINL24165672,,QDD-400G-DR4-S=
SINL24165676,,QDD-400G-DR4-S=
SINL24165760,,QDD-400G-DR4-S=
SINL24165771,,QDD-400G-DR4-S=
SINL24155446,,QDD-400G-DR4-S=
SINL24164903,,QDD-400G-DR4-S=
SINL24155456,,QDD-400G-DR4-S=
SINL24165106,,QDD-400G-DR4-S=
SINL24165113,,QDD-400G-DR4-S=
SINL24165159,,QDD-400G-DR4-S=
SINL24165377,,QDD-400G-DR4-S=
SINL24165394,,QDD-400G-DR4-S=
SINL24165431,,QDD-400G-DR4-S=
SINL24165645,,QDD-400G-DR4-S=
SINL24165653,,QDD-400G-DR4-S=
SINL24183208,,QDD-400G-DR4-S=
SINL24155509,,QDD-400G-DR4-S=
SINL24164947,,QDD-400G-DR4-S=
SINL24165042,,QDD-400G-DR4-S=
SINL24165118,,QDD-400G-DR4-S=
SINL24165105,,QDD-400G-DR4-S=
SINL24165169,,QDD-400G-DR4-S=
SINL24165384,,QDD-400G-DR4-S=
SINL24165429,,QDD-400G-DR4-S=
SINL24165662,,QDD-400G-DR4-S=
SINL24165666,,QDD-400G-DR4-S=
SINL24183199,,QDD-400G-DR4-S=
SINL24183201,,QDD-400G-DR4-S=
NCB252A991,,15216-ATT-LC-5
NCB252A990,,15216-ATT-LC-5
NCB252A989,,15216-ATT-LC-5
NCB252A992,,15216-ATT-LC-5
NCB252G743,,15216-ATT-LC-10
NCB252G741,,15216-ATT-LC-10
NCB252G751,,15216-ATT-LC-10
NCB252G754,,15216-ATT-LC-10
NCB252G742,,15216-ATT-LC-10
NCB252G740,,15216-ATT-LC-10
NCB252G747,,15216-ATT-LC-10
NCB252G745,,15216-ATT-LC-10
SFNS24500F5A,,100GQSFP-LR4-4=
CMDC00114E6B,44:C8:74:1B:14:17,TT919G
CMDC00118097,44:C8:74:9C:B4:C0,TT919G
CMDC0011A32F,44:C8:74:66:E1:25,TT919G
CMDC00113CA7,44:C8:74:D5:B5:7F,TT919G
CMDC00117DD7,44:C8:74:9E:57:22,TT919G
CMDC00112BEE,44:C8:74:6F:C4:AC,TT919G
CMDC00111EA9,44:C8:74:32:22:29,TT919G
CMDC00118DB1,44:C8:74:22:4E:05,TT919G
CMDC00116E90,44:C8:74:BA:55:2D,TT919G
CMDC0011DBDB,44:C8:74:69:2A:C1,TT919G
6,,FS40432
60189523D808,,Vostro 14 3000
E79624A1,44:D9:E7:96:24:A1,UF-NANO
M021701ALU00163171,4C:81:20:D4:7E:76,G-010G-P
02SKEY10L1009443,,H902GPHF
UBNTE796DCF7,44:D9:E7:96:DC:F7,UF-NANO
HWTC3CCE409A,FF:AA:CC:EE:3C:CE,HG8546MGM1
1C25E1864086,CI:OT:00:86:40:86,TT919G7
CMDC00118B82,44:C8:74:81:40:0E,TT919G
CMDC0011AD89,44:C8:74:28:F0:43,TT919G
170520822,,OPM
CMDC00119700,44:C8:74:B1:D8:D9,TT919G
CMDC00112523,44:C8:74:05:10:DD,TT919G
CMDC00114BAF,44:C8:74:22:4E:41,TT919G
CMDC0011B16E,44:C8:74:F0:9C:DE,TT919G
02SKEY10L8008996,,H902GPHF
CMDC0011B146,44:C8:74:BE:5E:71,TT919G
CMDC00114EC2,44:C8:74:7D:3A:BC,TT919G
CMDC0011A9F6,44:C8:74:47:7D:0C,TT919G
CMDC00117DD5,44:C8:74:CF:B1:AA,TT919G
CMDC0011EA79,44:C8:74:A4:BC:29,TT919G
G2030054849,,10GBASE-ER-SFP+
CMDC0011AB0C,44:C8:74:74:FC:E1,TT919G
CMDC0011F9CD,44:C8:74:3C:83:15,TT919G
CMDC0011CBC1,44:C8:74:B6:4D:6E,TT919G
CMDC00119904,44:C8:74:A0:37:68,TT919G
CMDC0011A0C9,44:C8:74:D8:C9:8A,TT919G
CMDC0011E325,44:C8:74:14:35:7C,TT919G
CMDC00119147,44:C8:74:FC:E7:AB,TT919G
CMDC001119BB,44:C8:74:28:B5:36,TT919G
CMDC0011A9DA,44:C8:74:52:6A:08,TT919G
CMDC0011B2BA,44:C8:74:5B:AE:2C,TT919G
CMDC001189EB,44:C8:74:47:3C:09,TT919G
UBNT796D1C6,44:D9:E7:96:D1:C6,UF-NANO
CMDC0011FAC9,44:C8:74:05:B0:11,TT919G
CMDC0011A460,44:C8:74:E0:94:FE,TT919G
CMDC00113257,44:C8:74:42:5C:BF,TT919G
CMDC00113E27,44:C8:74:29:63:7E,TT919G
CMDC0011C75C,44:C8:74:57:99:CD,TT919G
CMDC00110EDC,44:C8:74:4F:1B:86,TT919G
788A20FA59E9,,UF-GP-B+
788A200D6F01,,UF-GP-B+
DCH2518R145,,FAN-1RU-PI
DCH2518R06M,,FAN-1RU-PI
DCH2518R0M7,,FAN-1RU-PI
DCH2518R065,,FAN-1RU-PI
DCH2518R060,,FAN-1RU-PI
DCH2518R0MM,,FAN-1RU-PI
DCH2518R05M,,FAN-1RU-PI
DCH2518R0JV,,FAN-1RU-PI
DCH2518R0BY,,FAN-1RU-PI
DCH2518R0K1,,FAN-1RU-PI
DCH2518R0FF,,FAN-1RU-PI
DCH2518R0MA,,FAN-1RU-PI
DCH2518R0EB,,FAN-1RU-PI
DCH2518R0L9,,FAN-1RU-PI
DCH2518R11K,,FAN-1RU-PI
DCH2518R1BY,,FAN-1RU-PI
DCH2518R0KJ,,FAN-1RU-PI
DCH2518R0KV,,FAN-1RU-PI
DCH2518R0EG,,FAN-1RU-PI
DCH2518R0KC,,FAN-1RU-PI
DCH2518R146,,FAN-1RU-PI
DCH2518R0EV,,FAN-1RU-PI
DCH2518R0HS,,FAN-1RU-PI
DCH2518R0K4,,FAN-1RU-PI
DCH2518R0JW,,FAN-1RU-PI
DCH2518R15L,,FAN-1RU-PI
DCH2518R13U,,FAN-1RU-PI
DCH2518R0FZ,,FAN-1RU-PI
DCH2518R0MJ,,FAN-1RU-PI
DCH2518R11Q,,FAN-1RU-PI
DCH2518R0K2,,FAN-1RU-PI
DCH2518R143,,FAN-1RU-PI
DCH2518R142,,FAN-1RU-PI
DCH2518R0EX,,FAN-1RU-PI
DCH2518R0L4,,FAN-1RU-PI
DCH2518R0K5,,FAN-1RU-PI
DCH2518R0F2,,FAN-1RU-PI
DCH2518R0ER,,FAN-1RU-PI
DCH2518R0F3,,FAN-1RU-PI
DCH2518R12Q,,FAN-1RU-PI
DCH2518R12E,,FAN-1RU-PI
DCH2518R0A1,,FAN-1RU-PI
DCH2518R0G9,,FAN-1RU-PI
DCH2518R0EU,,FAN-1RU-PI
DCH2518R0FE,,FAN-1RU-PI
DCH2518R0K6,,FAN-1RU-PI
DCH2518R131,,FAN-1RU-PI
DCH2518R0C9,,FAN-1RU-PI
DCH2518R0AM,,FAN-1RU-PI
DCH2518R0D9,,FAN-1RU-PI
DCH2518R13T,,FAN-1RU-PI
DCH2518R0A7,,FAN-1RU-PI
DCH2518R0LY,,FAN-1RU-PI
DCH2518R14A,,FAN-1RU-PI
DCH2518R13C,,FAN-1RU-PI
DCH2518R11L,,FAN-1RU-PI
DCH2518R0A3,,FAN-1RU-PI
DCH2518R138,,FAN-1RU-PI
DCH2518R13Y,,FAN-1RU-PI
DCH2518R11X,,FAN-1RU-PI
DCH2518R0PA,,FAN-1RU-PI
DCH2518R0MG,,FAN-1RU-PI
DCH2518R0LJ,,FAN-1RU-PI
DCH2518R12S,,FAN-1RU-PI
DCH2518R14M,,FAN-1RU-PI
DCH2518R0MF,,FAN-1RU-PI
DCH2518R0KB,,FAN-1RU-PI
DCH2518R061,,FAN-1RU-PI
DCH2518R0KK,,FAN-1RU-PI
DCH2518R0BP,,FAN-1RU-PI
DCH2518R134,,FAN-1RU-PI
DCH2518R14G,,FAN-1RU-PI
DCH2518R0KU,,FAN-1RU-PI
DCH2518R0L3,,FAN-1RU-PI
DCH2518R0EA,,FAN-1RU-PI
DCH2518R0EC,,FAN-1RU-PI
DCH2518R0KE,,FAN-1RU-PI
DCH2518R0JX,,FAN-1RU-PI
DCH2518R0M3,,FAN-1RU-PI
DCH2518R0EL,,FAN-1RU-PI
DCH2518R0HB,,FAN-1RU-PI
DCH2518R0EY,,FAN-1RU-PI
DCH2518R0G3,,FAN-1RU-PI
DCH2518R0EE,,FAN-1RU-PI
DCH2518R0FY,,FAN-1RU-PI
DCH2518R0K8,,FAN-1RU-PI
DCH2518R097,,FAN-1RU-PI
DCH2518R139,,FAN-1RU-PI
DCH2518R0EZ,,FAN-1RU-PI
DCH2518R0M5,,FAN-1RU-PI
DCH2518R0NZ,,FAN-1RU-PI
DCH2518R0ED,,FAN-1RU-PI
DCH2518R0GD,,FAN-1RU-PI
DCH2518R0GP,,FAN-1RU-PI
DCH2518R165,,FAN-1RU-PI
POG2448ZT58,,PSU2KW-DCPI
POG2418ZT24,,PSU2KW-DCPI
POG2438ZT0N,,PSU2KW-DCPI
POG2448ZT53,,PSU2KW-DCPI
POG2450ZT2R,,PSU2KW-DCPI
POG2448ZT3D,,PSU2KW-DCPI
POG2448ZT5C,,PSU2KW-DCPI
POG2418ZT0X,,PSU2KW-DCPI
POG2438ZT15,,PSU2KW-DCPI
POG2448ZT48,,PSU2KW-DCPI
POG2448ZT0A,,PSU2KW-DCPI
POG2438ZT14,,PSU2KW-DCPI
POG2438ZT12,,PSU2KW-DCPI
POG2438ZT1J,,PSU2KW-DCPI
POG2438ZT16,,PSU2KW-DCPI
POG2438ZT1M,,PSU2KW-DCPI
POG2448ZT22,,PSU2KW-DCPI
POG2438ZT0D,,PSU2KW-DCPI
POG2438ZT09,,PSU2KW-DCPI
POG2448ZT3N,,PSU2KW-DCPI
POG2448ZT3H,,PSU2KW-DCPI
POG2448ZT1M,,PSU2KW-DCPI
POG2448ZT02,,PSU2KW-DCPI
POG2448ZT4A,,PSU2KW-DCPI
POG2448ZT5B,,PSU2KW-DCPI
POG2448ZT1X,,PSU2KW-DCPI
POG2438ZT0H,,PSU2KW-DCPI
POG2438ZT0R,,PSU2KW-DCPI
POG2448ZT38,,PSU2KW-DCPI
POG2448ZT55,,PSU2KW-DCPI
POG2438ZT17,,PSU2KW-DCPI
POG2418ZT3W,,PSU2KW-DCPI
POG2448ZT5A,,PSU2KW-DCPI
POG2448ZT3Z,,PSU2KW-DCPI
POG2448ZT1V,,PSU2KW-DCPI
POG2448ZT5D,,PSU2KW-DCPI
POG2448ZT52,,PSU2KW-DCPI
POG2448ZT1P,,PSU2KW-DCPI
ACA2524008T,,QDD-400G-ZRP-S
ACA2524009D,,QDD-400G-ZRP-S
ACA2524007C,,QDD-400G-ZRP-S
ACA2524009Q,,QDD-400G-ZRP-S
ACA25240090,,QDD-400G-ZRP-S
ACA25250044,,QDD-400G-ZRP-S
ACA2524009C,,QDD-400G-ZRP-S
ACA252400EC,,QDD-400G-ZRP-S
ACA2525002H,,QDD-400G-ZRP-S
ACA252400EB,,QDD-400G-ZRP-S
SOPM24450PAL,,ONS-SE-155-1510
SOPM24450PB7,,ONS-SE-155-1510
SOPM24380QHR,,ONS-SE-155-1510
SOPM24450P26,,ONS-SE-155-1510
SOPM24450P2F,,ONS-SE-155-1510
SOPM24450P3M,,ONS-SE-155-1510
SOPM24450P3Q,,ONS-SE-155-1510
SOPM24450P4Y,,ONS-SE-155-1510
SOPM24450P6J,,ONS-SE-155-1510
SOPM24450P6T,,ONS-SE-155-1510
SOPM24450P74,,ONS-SE-155-1510
SOPM24450P77,,ONS-SE-155-1510
SOPM24450P82,,ONS-SE-155-1510
SOPM24450P83,,ONS-SE-155-1510
SOPM24450P8G,,ONS-SE-155-1510
SOPM24450P9N,,ONS-SE-155-1510
SOPM24450P9R,,ONS-SE-155-1510
SOPM2431258Q,,ONS-SE-155-1510
OPM24450PB4,,ONS-SE-155-1510
OPM24450PB6,,ONS-SE-155-1510
OPM24450PB8,,ONS-SE-155-1510
FOC2524NZUP,,8201=
FOC2511NJBK,,8201=
FOC2511NJBH,,8201=
FOC2524NZUN,,8201=
FOC2520N3JJ,,8201=
FOC2446N8RR,,8201=
FOC2522NZLL,,8201=
FOC2511NJBQ,,8201=
FOC2522NZLE,,8201=
FOC2514NCTL,,8201=
FOC2522NZLP,,8201=
FOC2520N3HN,,8201=
FOC2520N3JB,,8201=
FOC2522NZLH,,8201=
FOC2522NZLR,,8201=
FOC2511NJCA,,8201=
FOC2511NJBA,,8201=
SFCB2505B0Q6,,NCS2K-TNCS-2-K9=
SFCB2505B0QE,,NCS2K-TNCS-2-K9=
SFCB2504B0T5,,NCS2K-TNCS-2-K9=
FCB2449B1V6,,NCS2K-TNCS-2-K9=
FCB2449B1X1,,NCS2K-TNCS-2-K9=
FCB2449B1X5,,NCS2K-TNCS-2-K9=
FCB2503B0PY,,NCS2K-TNCS-2-K9=
FCB2503B0Q2,,NCS2K-TNCS-2-K9=
FCB2503B0QG,,NCS2K-TNCS-2-K9=
FCB2503B0QN,,NCS2K-TNCS-2-K9=
FCB2504B0TD,,NCS2K-TNCS-2-K9=
FCB2504B0TZ,,NCS2K-TNCS-2-K9=
FCB22449B1U9,,NCS2K-TNCS-2-K9=
FCB2503B0QL,,NCS2K-TNCS-2-K9=
FCB2503B0SN,,NCS2K-TNCS-2-K9=
FCB2503B0PW,,NCS2K-TNCS-2-K9=
FCB2503B0QK,,NCS2K-TNCS-2-K9=
FCB2503B0QV,,NCS2K-TNCS-2-K9=
FCB2505B0R0,,NCS2K-TNCS-2-K9=
FCB2505B0R3,,NCS2K-TNCS-2-K9=
FCB2505B0R8,,NCS2K-TNCS-2-K9=
FCB2449B1UD,,NCS2K-TNCS-2-K9=
FCB2449B1U4,,NCS2K-TNCS-2-K9=
FCB2449B1UL,,NCS2K-TNCS-2-K9=
FCB2449B1UN,,NCS2K-TNCS-2-K9=
FCB2449B1UT,,NCS2K-TNCS-2-K9=
FCB2449B1XA,,NCS2K-TNCS-2-K9=
FCB2503B0Q0,,NCS2K-TNCS-2-K9=
FCB2504B0ST,,NCS2K-TNCS-2-K9=
FCB2505B0PS,,NCS2K-TNCS-2-K9=
FCB2446B0QF,,NCS2K-TNCS-2-K9=
FCB2449B1VN,,NCS2K-TNCS-2-K9=
FCB2449B1WT,,NCS2K-TNCS-2-K9=
FCB2503B0Q6,,NCS2K-TNCS-2-K9=
FCB2503B0QU,,NCS2K-TNCS-2-K9=
FCB2503B0SQ,,NCS2K-TNCS-2-K9=
FCB2503B0T3,,NCS2K-TNCS-2-K9=
FCB2504B0TM,,NCS2K-TNCS-2-K9=
FCB2505B0QU,,NCS2K-TNCS-2-K9=
FCB2445B15S,,NCS2K-TNCS-2-K9=
FCB2504B0SS,,NCS2K-TNCS-2-K9=
FCB2504B0SU,,NCS2K-TNCS-2-K9=
FCB2504B0SV,,NCS2K-TNCS-2-K9=
FCB2504B0TN,,NCS2K-TNCS-2-K9=
FCB2505B0Q0,,NCS2K-TNCS-2-K9=
FCB2505B0QF,,NCS2K-TNCS-2-K9=
FCB2505B0R6,,NCS2K-TNCS-2-K9=
FCB25053B0Q8,,NCS2K-TNCS-2-K9=
FCB2504B0T5,,NCS2K-TNCS-2-K9=
FCB2505B0Q9,,NCS2K-TNCS-2-K9=
FCB2505B0QB,,NCS2K-TNCS-2-K9=
FCB2505B0RE,,NCS2K-TNCS-2-K9=
L8FBY14C19006727,,HUAWEI E3372
L8FBY14C19006705,,HUAWEI E3372
L8FBY14C19006585,,HUAWEI E3372
L8FBY14C19007356,,HUAWEI E3372
L8FBY14C19005041,,HUAWEI E3372
0943551935,,ETL-4G-SIM
0943551939,,ETL-4G-SIM
0943551930,,ETL-4G-SIM
0943551986,,ETL-4G-SIM
0943551940,,ETL-4G-SIM
0943551942,,ETL-4G-SIM
0943551944,,ETL-4G-SIM
0943551948,,ETL-4G-SIM
0943551961,,ETL-4G-SIM
0943551967,,ETL-4G-SIM
0943551970,,ETL-4G-SIM
0943551971,,ETL-4G-SIM
0943551972,,ETL-4G-SIM
0943551976,,ETL-4G-SIM
0943551978,,ETL-4G-SIM
0943551981,,ETL-4G-SIM
0943551982,,ETL-4G-SIM
0943551985,,ETL-4G-SIM
34E7S21312003240,,WS318N
34E7S21310000598,,WS318N
34E7S21310000046,,WS318N
34E7S21310002175,,WS318N
34E7S21310002162,,WS318N
CMDC003ECEDA,C4:33:06:A3:33:4F,TT919G
CMDC003E8D2C,C4:33:06:DF:A5:4D,TT919G
CMDC003E0F4F,C4:33:06:9A:2D:4A,TT919G
T2951S180100204,,TBS2951
220C4V1001610,,TL-WR940N
74DA88510F96,,TL-WR940N
220C5F1005738,,TL-MR3420
UBNTDAEBA799,FC:EC:DA:EB:A7:99,UF-LOCO
UBNTE796EDA0,44:D9:E7:96:ED:A0,UF-NANO
UBNTE796DC56,44:D9:E7:96:DC:56,UF-NANO
UBNTE796ED98,44:D9:E7:96:ED:98,UF-NANO
UBNT96DB49,44:D9:E7:96:DB:49,UF-NANO
UBNTE96980F,44:D9:E7:96:98:0F,UF-NANO
UBNTE96DA94,44:D9:E7:96:DA:94,UF-NANO
UBNTE96E01C,44:D9:E7:96:E0:1C,UF-NANO
UBNT207314FO,78:8A:20:73:14:F0,UF-NANO
F2033811342,,FS40432
SFOC2540Y50J,,CBS250-24T-4T-4G-EU
SFOC2540Y509,,CBS250-24T-4T-4G-EU
SFOC2540Y4YG,,CBS250-24T-4T-4G-EU
SFOC2540Y516,,CBS250-24T-4T-4G-EU
SFOC2540Y519,,CBS250-24T-4T-4G-EU
SFOC2540Y50M,,CBS250-24T-4T-4G-EU
SFOC2540Y50A,,CBS250-24T-4T-4G-EU
INL25215633,,QSFP-100G-FR-S=
INL25215624,,QSFP-100G-FR-S=
INL25215696,,QSFP-100G-FR-S=
INL25215599,,QSFP-100G-FR-S=
INL2506K1RU,,QSFP-100G-FR-S=
INL25215632,,QSFP-100G-FR-S=
INL25215626,,QSFP-100G-FR-S=
INL25215678,,QSFP-100G-FR-S=
INL25215620,,QSFP-100G-FR-S=
INL25215577,,QSFP-100G-FR-S=
INL2506K1S2,,QSFP-100G-FR-S=
INL25215661,,QSFP-100G-FR-S=
INL25215645,,QSFP-100G-FR-S=
INL25215594,,QSFP-100G-FR-S=
INL25215667,,QSFP-100G-FR-S=
INL25215684,,QSFP-100G-FR-S=
INL2506K1TX,,QSFP-100G-FR-S=
INL2506K1V0,,QSFP-100G-FR-S=
INL25215609,,QSFP-100G-FR-S=
INL25215666,,QSFP-100G-FR-S=
INL25215631,,QSFP-100G-FR-S=
INL25215658,,QSFP-100G-FR-S=
INL25215610,,QSFP-100G-FR-S=
INL25215668,,QSFP-100G-FR-S=
INL24291344,,QDD-400G-DR4-S=
INL24291315,,QDD-400G-DR4-S=
INL24291275,,QDD-400G-DR4-S=
INL24291351,,QDD-400G-DR4-S=
INL24291354,,QDD-400G-DR4-S=
INL24291245,,QDD-400G-DR4-S=
INL24291272,,QDD-400G-DR4-S=
INL24296094,,QDD-400G-DR4-S=
INL24291263,,QDD-400G-DR4-S=
INL24291262,,QDD-400G-DR4-S=
INL24291328,,QDD-400G-DR4-S=
INL24291324,,QDD-400G-DR4-S=
INL24291318,,QDD-400G-DR4-S=
INL24291226,,QDD-400G-DR4-S=
INL24291264,,QDD-400G-DR4-S=
INL24291342,,QDD-400G-DR4-S=
ONC25260012,,NCS2K-OPT-EDFA-35
ONC25260009,,NCS2K-OPT-EDFA-35
ONC25200049,,NCS2K-OPT-EDFA-35
ONC25200024,,NCS2K-OPT-EDFA-35
ONC25200025,,NCS2K-OPT-EDFA-35
ONC25200029,,NCS2K-OPT-EDFA-35
ONC25200033,,NCS2K-OPT-EDFA-35
ONC25200037,,NCS2K-OPT-EDFA-35
ONC25140028,,NCS2K-OPT-EDFA-35
ONC25140008,,NCS2K-OPT-EDFA-35
ONC25200046,,NCS2K-OPT-EDFA-35
ONC25200035,,NCS2K-OPT-EDFA-35
ONC25140026,,NCS2K-OPT-EDFA-35
ONC25140015,,NCS2K-OPT-EDFA-35
NDG25230009,,15216-MD-48-ODDE
NDG25250020,,15216-MD-48-ODDE
NDG25260009,,15216-MD-48-ODDE
NDG25260028,,15216-MD-48-ODDE
NDG25230023,,15216-MD-48-ODDE
NDG25230020,,15216-MD-48-ODDE
NDG25260005,,15216-MD-48-ODDE
NDG25230019,,15216-MD-48-ODDE
NDG25260012,,15216-MD-48-ODDE
NDG25260010,,15216-MD-48-ODDE
ACA25250039,,QDD-400G-ZRP-S
ACA2525002D,,QDD-400G-ZRP-S
ACA2525002T,,QDD-400G-ZRP-S
ACA2524006Q,,QDD-400G-ZRP-S
ACA2524007K,,QDD-400G-ZRP-S
ACA252400DU,,QDD-400G-ZRP-S
ACA2524008R,,QDD-400G-ZRP-S
ACA252400DT,,QDD-400G-ZRP-S
ACA2524008Q,,QDD-400G-ZRP-S
ACA25240083,,QDD-400G-ZRP-S
IFB2518000Y,,15454-OPT-EDFA-17=
IFB25180001,,15454-OPT-EDFA-17=
IFB25180012,,15454-OPT-EDFA-17=
IFB2518000K,,15454-OPT-EDFA-17=
IFB25180002,,15454-OPT-EDFA-17=
IFB2508000V,,15454-OPT-EDFA-17=
IFB2518000Z,,15454-OPT-EDFA-17=
IFB2508000W,,15454-OPT-EDFA-17=
IFB2518000G,,15454-OPT-EDFA-17=
IFB2518000M,,15454-OPT-EDFA-17=
IFB25180003,,15454-OPT-EDFA-17=
IFB2518000N,,15454-OPT-EDFA-17=
IFB25180019,,15454-OPT-EDFA-24
IFB25180018,,15454-OPT-EDFA-24
IFB2518000V,,15454-OPT-EDFA-24
IFB2518000S,,15454-OPT-EDFA-24
IFB2518000Q,,15454-OPT-EDFA-24
IFB2518000P,,15454-OPT-EDFA-24
IFB25130005,,15454-OPT-EDFA-24
IFB25130004,,15454-OPT-EDFA-24
FOC2530P8UK,,8201=
FOC2530P8TG,,8201=
FOC2530P8VV,,8201=
FOC2530P8TN,,8201=
DCH2518R0QX,,FAN-1RU-PI
DCH2518R0Q7,,FAN-1RU-PI
DCH2518R0PV,,FAN-1RU-PI
DCH2518R09F,,FAN-1RU-PI
DCH2518R095,,FAN-1RU-PI
DCH2518R0S4,,FAN-1RU-PI
DCH2518R0RY,,FAN-1RU-PI
DCH2518R0Q8,,FAN-1RU-PI
DCH2518R0PM,,FAN-1RU-PI
DCH2518R0MZ,,FAN-1RU-PI
DCH2518R0SX,,FAN-1RU-PI
DCH2518R0QF,,FAN-1RU-PI
DCH2518R0PN,,FAN-1RU-PI
DCH2518R0PJ,,FAN-1RU-PI
DCH2518R0ND,,FAN-1RU-PI
DCH2518R0SZ,,FAN-1RU-PI
DCH2518R0SJ,,FAN-1RU-PI
DCH2518R0S2,,FAN-1RU-PI
POG2515ZT0E,,PSU2KW-DCPI
POG2515ZT07,,PSU2KW-DCPI
POG2515ZT0V,,PSU2KW-DCPI
POG2515ZT0P,,PSU2KW-DCPI
POG2515ZT0N,,PSU2KW-DCPI
POG2515ZT0B,,PSU2KW-DCPI
POG2515ZT0J,,PSU2KW-DCPI
POG2509ZT26,,PSU2KW-DCPI
MZH25350H76,,ONS-SE-155-1510
MZH25350H7K,,ONS-SE-155-1510
MZH25350H7L,,ONS-SE-155-1510
MZH25350H7Q,,ONS-SE-155-1510
MZH25350H7S,,ONS-SE-155-1510
MZH25350H8H,,ONS-SE-155-1510
MZH25350H8L,,ONS-SE-155-1510
MZH25350H8M,,ONS-SE-155-1510
MZH25350H8N,,ONS-SE-155-1510
MZH25350H8Q,,ONS-SE-155-1510
MZH25350H8T,,ONS-SE-155-1510
MZH25350HAH,,ONS-SE-155-1510
MZH25350HAN,,ONS-SE-155-1510
MZH25350HBJ,,ONS-SE-155-1510
MZH25350HBQ,,ONS-SE-155-1510
MZH25350HE3,,ONS-SE-155-1510
MZH25350HE9,,ONS-SE-155-1510
MZH25350HEH,,ONS-SE-155-1510
MZH25350HEL,,ONS-SE-155-1510
MZH25350HEN,,ONS-SE-155-1510
MZH25350HEP,,ONS-SE-155-1510
MZH25350HGX,,ONS-SE-155-1510
MZH25350HGZ,,ONS-SE-155-1510
MZH25350HH1,,ONS-SE-155-1510
MZH25350HH3,,ONS-SE-155-1510
MZH25350HH5,,ONS-SE-155-1510
CMDC003E8628,C4:33:06:F8:B4:68,TT919G
CMDC003E3B2F,C4:33:06:0B:90:F0,TT919G
CMDC0011E739,44:C8:74:99:8B:2E,TT919G
CMDC003EBF59,C4:33:06:A8:7C:1B,TT919G
2102232DPY6TM3901597,,MA5800-X7
2102350FGBN0K3000596,,MA5800-X7
21980105812SKA602161,D0:C6:5B:6E:66:A2,S5720-28X-LI-AC
21980105812SKA602263,D0:C6:5B:6E:67:08,S5720-28X-LI-AC
34E7S21310000109,,WS318N
34E7S21310000108,,WS318N
34E7S21310000104,,WS318N
34E7S21310000106,,WS318N
34E7S21310000096,,WS318N
34E7S21310000105,,WS318N
34E7S21310000103,,WS318N
34E7S21310000101,,WS318N
34E7S21310000099,,WS318N
34E7S21310000100,,WS318N
34E7S21310003394,,WS318N
34E7S21310003393,,WS318N
34E7S21310003389,,WS318N
34E7S21310003392,,WS318N
34E7S21310003386,,WS318N
34E7S21310003380,,WS318N
34E7S21310003388,,WS318N
34E7S21310003384,,WS318N
34E7S21310003387,,WS318N
34E7S21310003381,,WS318N
34E7S21310001900,,WS318N
34E7S21310001897,,WS318N
34E7S21310001860,,WS318N
34E7S21310001895,,WS318N
34E7S21310001894,,WS318N
34E7S21310001896,,WS318N
34E7S21310001881,,WS318N
34E7S21310001892,,WS318N
34E7S21310001882,,WS318N
34E7S21310001893,,WS318N
CMDC00110DAD,44:C8:74:F5:A7:6D,TT919G
CMDC003EAAD4,C4:33:06:27:E0:AF,TT919G
2102232DPY6TM3900046,,MA5800-X7
2102231RXGN0K3000411,,MA5800-X7
022SQWDMG8601958,,H901GPHF-C+
UBNTDAEBAD18,FC:EC:DA:EB:AD:18,UF-LOCO
UBNTDAEB48F0,FC:EC:DA:EB:48:F0,UF-LOCO
UBNTDAEBAE22,FC:EC:DA:EB:AE:22,UF-LOCO
CMDC0011AE6B,44:C8:74:38:3F:1F,TT919G
UBNTE20730D57,78:8A:20:73:0D:57,UF-NANO
UBNTEE7969A58,44:D9:E7:96:9A:58,UF-NANO
UBNTDAEB4920,FC:EC:DA:EB:49:20,UF-LOCO
UBNTE207347D1,78:8A:20:73:47:D1,UF-NANO
UBNTE96A2BE,44:D9:E7:96:A2:BE,UF-NANO
UBNTE96DE73,44:D9:E7:96:DE:73,UF-NANO
UBNTE20738BF6,78:8A:20:73:8B:F6,UF-NANO
UBNT2073227E,78:8A:20:73:22:7E,UF-NANO
UBNTE96DE5A,44:D9:E7:96:DE:5A,UF-NANO
UBNTE96D027,44:D9:E7:96:D0:27,UF-NANO
UBNTE96D595,44:D9:E7:96:D5:95,UF-NANO
UBNTE796D441,44:D9:E7:96:D4:41,UF-NANO
UBNTDAEB4588,FC:EC:DA:EB:45:88,UF-LOCO
CMDC00115CEB,44:C8:74:3C:DC:60,TT919G
CMDC001170E9,44:C8:74:2A:42:09,TT919G
CMDC00115D02,44:C8:74:92:5F:3B,TT919G
UBNTE796D478,44:D9:E7:96:D4:78,UF-NANO
UBNTE7969832,44:D9:E7:96:98:32,UF-NANO
13599308335,,TL-MR3420
WS2020100728,,WS-IPTV-STB-4K
WS2020100842,,WS-IPTV-STB-4K
WS2020100346,,WS-IPTV-STB-4K
WS2020100949,,WS-IPTV-STB-4K
WS2020100840,,WS-IPTV-STB-4K
WS2020100568,,WS-IPTV-STB-4K
WS2020100102,,WS-IPTV-STB-4K
WS2020100569,,WS-IPTV-STB-4K
WS2020100847,,WS-IPTV-STB-4K
WS2020100846,,WS-IPTV-STB-4K
WS2020100203,,WS-IPTV-STB-4K
WS2020100058,,WS-IPTV-STB-4K
WS2020100085,,WS-IPTV-STB-4K
WS2020100571,,WS-IPTV-STB-4K
WS2020100572,,WS-IPTV-STB-4K
WS2020100856,,WS-IPTV-STB-4K
CMDC003E5273,C4:33:06:DB:37:F7,TT919G
CMDC003E9B35,C4:33:06:99:0D:29,TT919G
CMDC003E3379,C4:33:06:6B:0D:20,TT919G
CMDC003EA55A,C4:33:06:4D:1D:07,TT919G
CMDC003E28EF,C4:33:06:45:C9:E4,TT919G
CMDC003E6AE0,C4:33:06:28:EA:48,TT919G
CMDC003E20E1,C4:33:06:92:B6:89,TT919G
CMDC003E15FB,C4:33:06:E9:2A:93,TT919G
CMDC003E9B38,C4:33:06:18:3A:6F,TT919G
CMDC003E1767,C4:33:06:B3:7C:CE,TT919G
CMDC003E6105,C4:33:06:BD:BC:DD,TT919G
CMDC003E990C,C4:33:06:25:4D:4C,TT919G
CMDC003ED544,C4:33:06:A2:F7:AE,TT919G
CMDC003E46E8,C4:33:06:C6:E6:11,TT919G
CMDC003EB87C,C4:33:06:FB:45:02,TT919G
CMDC003E69CC,C4:33:06:C5:F0:82,TT919G
CMDC003EC11B,C4:33:06:10:8F:95,TT919G
CMDC003ECA58,C4:33:06:6D:30:7C,TT919G
CMDC003E2024,C4:33:06:06:35:A3,TT919G
CMDC0011752D,44:C8:74:72:D0:D3,TT919G
CMDC003E0BAD,C4:33:06:B1:76:A0,TT919G
CMDC003EDEF8,C4:33:06:BB:E2:BA,TT919G
CMDC003E74B0,C4:33:06:2A:6C:4E,TT919G
CMDC003E1D7C,C4:33:06:50:D5:93,TT919G
CMDC003E8CD1,C4:33:06:99:EC:2C,TT919G
CMDC003EE9D8,C4:33:06:EC:10:9B,TT919G
CMDC003E92D0,C4:33:06:86:4C:3A,TT919G
CMDC003E44A1,C4:33:06:22:6F:C0,TT919G
CMDC003E64E8,C4:33:06:79:24:93,TT919G
CMDC003EF1EF,C4:33:06:2F:7A:07,TT919G
CMDC003EC1C1,C4:33:06:1C:33:18,TT919G
CMDC003E93AF,C4:33:06:A7:21:54,TT919G
CMDC0011BD68B,44:C8:74:96:09:B7,TT919G
CMDC00111428,44:C8:74:22:8D:0F,TT919G
CMDC00111522,44:C8:74:2B:58:F9,TT919G
CMDC00110659,44:C8:74:75:6F:9B,TT919G
CMDC00116C57,44:C8:74:84:A0:D0,TT919G
CMDC0011AB29,44:C8:74:59:32:AE,TT919G
CMDC00114158,44:C8:74:55:0F:ED,TT919G
CMDC0011FE5A,44:C8:74:55:AF:11,TT919G
CMDC0011F4C3,44:C8:74:D8:87:01,TT919G
CMDC00116F9F,44:C8:74:80:12:39,TT919G
CMDC0011BDE2,44:C8:74:62:93:6F,TT919G
CMDC00118394,44:C8:74:FB:75:DF,TT919G
CMDC0011FB18,44:C8:74:B5:16:5A,TT919G
CMDC0011F4E7,44:C8:74:79:B3:BD,TT919G
CMDC003EAE23,C4:33:06:E7:C3:53,TT919G
CMDC003ED8A0,C4:33:06:E4:A8:C1,TT919G
CMDC003E0132,C4:33:06:E3:C5:DA,TT919G
CMDC003EB148,C4:33:06:2E:F2:B8,TT919G
CMDC003E1FF0,C4:33:06:53:25:C1,TT919G
CMDC003EF76A,C4:33:06:BE:F7:B9,TT919G
CMDC003E2D39,C4:33:06:89:30:44,TT919G
CMDC003ED9CD,C4:33:06:9B:2D:FA,TT919G
CMDC003E62F6,C4:33:06:41:ED:5E,TT919G
CMDC003EC4A7,C4:33:06:0C:89:46,TT919G
CLWKQM3,,PC-DELL3090I5
2V32RM3,,PC-DELL3090I5
DMHWTM3,,PC-DELL3090I5
6542RM3,,PC-DELL3090I5
HW02RM3,,PC-DELL3090I5
J252RN3,,PC-DELL3090I5
FK02RN3,,PC-DELL3090I5
8BX4RN3,,PC-DELL3090I5
6NHWTM3,,PC-DELL3090I5
BL32RN3,,PC-DELL3090I5
7MKWTN3,,PC-DELL3090I5
55KWTN3,,PC-DELL3090I5
5402RN3,,PC-DELL3090I5
FMKWTN3,,PC-DELL3090I5
FJ02RN3,,PC-DELL3090I5
2102232DPYN0M4000783,,MA5800-X7
2102301258N0M3000153,,MA5800-X7
2102232DPYN0M4000732,,MA5800-X7
CMDC0011EAA6,44:C8:74:C7:AA:FC,TT919G
UBNT796DA13,44:D9:E7:96:DA:13,UF-NANO
CMDC00119729,44:C8:74:47:CB:36,TT919G
CMDC00111A9C,44:C8:74:D7:2F:28,TT919G
CMDC001195F5,44:C8:74:87:0D:AD,TT919G
UBNTDAEBB9DC,FC:EC:DA:EB:B9:DC,UF-LOCO
UBNTDAEB4830,FC:EC:DA:EB:48:30,UF-LOCO
220620801002000169,,realme book
G2130599234,,FS11555
2A3926CD6633,,Vostro-14-3000
CMDC00114E25,44:C8:74:04:B3:CA,TT919G
CMDC00119553,44:C8:74:24:81:38,TT919G
UBNTDAEB54A9,FC:EC:DA:EB:54:A9,UF-NANO
B4:FB:E4:66:48:C7,B4:FB:E4:66:48:C7,NS-5ACL-US
CMDC0011AF4C,44:C8:74:BA:5E:7A,TT919G
CMDC0011C790,44:C8:74:1B:37:ED,TT919G
CMDC0011C9AD,44:C8:74:3D:91:45,TT919G
F2034380048,,QSFP-100G-CU3M
F2040017803,,QSFP-100G-CU0.5Ma
UBNTE96D594,44:D9:E7:96:D5:04,UF-NANO
34E7S21310001997,,WS318N
221226022119001790,,wireless mouse
230230210,,378832
230230217,,378832
230230595,,378832
230230934,,378832
WS2020100864,,WS-IPTV-STB-4K
WS2020100246,,WS-IPTV-STB-4K
WS2020100797,,WS-IPTV-STB-4K
WS2020100935,,WS-IPTV-STB-4K
WS2020100800,,WS-IPTV-STB-4K
WS2020100926,,WS-IPTV-STB-4K
WS2020100781,,WS-IPTV-STB-4K
WS2020100791,,WS-IPTV-STB-4K
CMDC0011A5EC,44:C8:74:3B:BE:76,TT919G
